{"cameraMode":{"drawMode":0,"name":"Shaded","section":"Shading Mode"},"sceneLighting":false,"audioPlay":false,"sceneViewState":{"m_AlwaysRefresh":false,"showFog":false,"showSkybox":false,"showFlares":false,"showImageEffects":false,"showParticleSystems":false,"showVisualEffectGraphs":false,"m_FxEnabled":true},"in2DMode":false,"pivot":{"x":-0.10105538368225098,"y":-0.03838333114981651,"z":-0.046135313808918},"rotation":{"x":0.02065773867070675,"y":0.9745833873748779,"z":-0.19888687133789063,"w":0.10124760866165161},"size":0.251939594745636,"orthographic":false}